design,method,method_label,wrong_order,rho,n_raw,n_trimmed,ate_error_mean,ate_error_sd,ate_error_median,ate_error_q05,ate_error_q95,cf_rmse_mean,cf_rmse_sd,cf_rmse_median,cf_rmse_q05,cf_rmse_q95,cf_inconsistency_mean,cf_inconsistency_sd,cf_inconsistency_median,cf_inconsistency_q05,cf_inconsistency_q95
design_i,seqot,Seq-OT,False,0.1,20,16,0.09574083672664074,0.04256232238405772,0.07818362733686808,0.05498853871787279,0.1527991064745417,0.3867937674381324,0.06649951546733908,0.3658231312855964,0.3298837903539439,0.47109072754705356,,,,,
design_i,seqot,Seq-OT,False,0.3,20,16,0.08378981777401628,0.03599271053369729,0.08151898215680489,0.040827010427480034,0.14241470792029848,0.3831227239243693,0.0357735463004374,0.380305460421553,0.34223458586399885,0.4547030836011148,,,,,
design_i,seqot,Seq-OT,False,0.5,20,16,0.18255470371911114,0.04269714661673322,0.1817334004382194,0.11550633243592937,0.23269864551725017,0.443445947323728,0.04508862234186234,0.4401723834867096,0.3895097599680599,0.5214278504205053,,,,,
design_i,seqot,Seq-OT,False,0.7,20,16,0.29592269133665433,0.059068663209517286,0.29703682100821305,0.21634414004476432,0.3645863157392554,0.5453516528429768,0.05191375438381807,0.5371625810800134,0.48459202856156064,0.6199233018397874,,,,,
design_i,seqot,Seq-OT,False,0.9,20,16,0.41918313678446856,0.059867639617825166,0.39705160081833246,0.34375558280977414,0.5049386775278768,0.6759129695653914,0.060893582416763736,0.6768664879177748,0.592369808614264,0.7630645775683081,,,,,
design_i,seqot,Seq-OT (wrong order),True,0.1,20,16,0.4326779638764964,0.03875835887044958,0.4474639312079157,0.37214853952326044,0.4800358626867794,0.6666648332819192,0.03752574984261725,0.6750247508290487,0.6050375086896222,0.7162070388833612,,,,,
design_i,seqot,Seq-OT (wrong order),True,0.3,20,16,0.437709221737259,0.03863763603384501,0.44811904035135725,0.3730857621773643,0.4775319844676566,0.6689358653840252,0.039455107627118895,0.6776589652055366,0.6049592215080193,0.7216962904444473,,,,,
design_i,seqot,Seq-OT (wrong order),True,0.5,20,16,0.44118524234167483,0.0391844796069843,0.4482056954657977,0.3827622589656903,0.4934124942778868,0.6717073731221697,0.04091565720462272,0.6697243698742581,0.614426566320957,0.7350583630032135,,,,,
design_i,seqot,Seq-OT (wrong order),True,0.7,20,16,0.4443226997841794,0.03560201593833316,0.4488804328704036,0.39139313890513316,0.4987277369436617,0.6696028866997281,0.04064635850940824,0.6707376572672783,0.6129913622965306,0.7353463566657642,,,,,
design_i,seqot,Seq-OT (wrong order),True,0.9,20,16,0.44699136274173795,0.03304192371696534,0.4513979790436473,0.4021768307945037,0.487047678485422,0.6732304819246199,0.037817113282887074,0.6735220106404869,0.6236046834808475,0.7249883275521323,,,,,
design_i,cocycles,Cocycles,False,0.1,20,16,0.10536427539773285,0.08751821678342991,0.08616644889116287,0.03372088447213173,0.24107784032821655,0.24501372314989567,0.16332534096474197,0.21248061954975128,0.13609763234853745,0.44118789583444595,,,,,
design_i,cocycles,Cocycles,False,0.3,20,16,0.12004579929634929,0.054446808028367426,0.12208332493901253,0.05268501117825508,0.20986183360219002,0.27713382709771395,0.11246779451740323,0.24404926598072052,0.15630406886339188,0.4712674394249916,,,,,
design_i,cocycles,Cocycles,False,0.5,20,16,0.0751355126267299,0.04715497485906811,0.06463323533535004,0.0296625099144876,0.15853692218661308,0.18350830487906933,0.06016839908330648,0.18118318170309067,0.11337793432176113,0.2869541496038437,,,,,
design_i,cocycles,Cocycles,False,0.7,20,16,0.10330576309934258,0.11471459630994484,0.07324105128645897,0.038262209855020046,0.24308480322360992,0.23886257270351052,0.22430886031503605,0.1767067238688469,0.12733534909784794,0.46300454437732697,,,,,
design_i,cocycles,Cocycles,False,0.9,20,16,0.13863017346011475,0.23189587199645334,0.06414569355547428,0.02803952363319695,0.3908624090254307,0.2581763630732894,0.3263971738937483,0.16637351363897324,0.1208219863474369,0.6049584820866585,,,,,
design_i,cocycles,Cocycles (wrong order),True,0.1,20,16,0.3106374086346477,0.5018291261175066,0.09273239597678185,0.07721154857426882,1.472041755914688,0.5632689613848925,0.8451421390187323,0.20303255319595337,0.156350240111351,2.6112184524536133,,,,,
design_i,cocycles,Cocycles (wrong order),True,0.3,20,16,0.14096286095445976,0.18616870174185804,0.10384644567966461,0.019493861822411418,0.37801501899957657,0.2724482789635658,0.3044576100031737,0.1949177235364914,0.10514619201421738,0.6199159473180771,,,,,
design_i,cocycles,Cocycles (wrong order),True,0.5,20,16,0.14211070584133267,0.12879532636566368,0.10487662255764008,0.05211846902966499,0.3919498845934868,0.2765733562409878,0.26166871911289163,0.18371756374835968,0.13131609931588173,0.7193505018949509,,,,,
design_i,cocycles,Cocycles (wrong order),True,0.7,20,16,0.25217850832268596,0.6529391149768832,0.07842878252267838,0.02835177816450596,0.8714235499501228,0.5133500946685672,1.065884456017902,0.19287946820259094,0.11096303910017014,1.5582233369350433,,,,,
design_i,cocycles,Cocycles (wrong order),True,0.9,20,16,0.36549818760249764,0.8847905613902238,0.10988519713282585,0.029937356244772673,1.514097273349762,0.5975759117864072,1.2814314968834124,0.2231140285730362,0.09442459791898727,2.285354971885681,,,,,
design_i,ot,OT,False,0.1,20,16,0.0853511844022268,0.040393234023227226,0.07478012936406295,0.03461075594178522,0.14251039505431656,0.2820848052216278,0.025264857494247155,0.2901548234900273,0.24937282469863936,0.31772003006961047,,,,,
design_i,ot,OT,False,0.3,20,16,0.08814798679785124,0.04324214327682904,0.07805110613055424,0.036962301133816294,0.14939999003979543,0.28486938445258003,0.025593334594455053,0.29097560288869695,0.25052627347336026,0.319712585970245,,,,,
design_i,ot,OT,False,0.5,20,16,0.09029223298635342,0.045787363671820805,0.08452920772925313,0.04058144665055889,0.1623151708609175,0.27849154141226173,0.028291299278970145,0.2768287701516812,0.24136611363751817,0.3186381680322465,,,,,
design_i,ot,OT,False,0.7,20,16,0.09103445134148128,0.04674559837426374,0.09039909163295655,0.0332158964823067,0.1651863192283569,0.2593949445379993,0.02884666543196095,0.25060102442987364,0.22187559008334432,0.30125567585364965,,,,,
design_i,ot,OT,False,0.9,20,16,0.09092720691577186,0.043817375343614316,0.08440717577203696,0.035267220021191106,0.1515489425793108,0.22321988097820838,0.03271790156913663,0.22789681815039647,0.18083797319917402,0.2647810901021247,,,,,
design_ii,seqot,Seq-OT,False,0.1,20,14,0.09207627370099751,0.04085829616772649,0.09792244231045498,0.03846311733011715,0.15333030959729987,0.2652231441692447,0.02939590727881814,0.2603127687295004,0.22762798199705914,0.30910997469739593,0.00469470612839003,0.0003934338334692659,0.0047263545572816,0.004016903337893725,0.005188380751196126
design_ii,seqot,Seq-OT,False,0.3,20,14,0.08520784804416581,0.03752594079272677,0.08760016081776908,0.040638440791447156,0.1402888459803703,0.28358924732915497,0.02809876070437753,0.28658027101617894,0.24954790926852785,0.3247892522875169,0.005076237960073639,0.0004557825608703951,0.005085410836900034,0.004420152654138235,0.00579197260129908
design_ii,seqot,Seq-OT,False,0.5,20,14,0.09773154323930346,0.04154714551459657,0.09921454132384547,0.04218830643345801,0.1567672579593388,0.33212685633414585,0.034437477628275794,0.32543437607914427,0.29222164001472006,0.39745991779276946,0.005451799538764469,0.0005388679658199593,0.005423499611971343,0.004796063076377893,0.0062763467737411045
design_ii,seqot,Seq-OT,False,0.7,20,14,0.10460093178731762,0.04073502565398671,0.10272883908970279,0.05422676153394738,0.1627179839805366,0.38813363917132443,0.0365983271635977,0.3770573285017732,0.34902953525713143,0.4542070340075393,0.00583798157679754,0.0005484941020645243,0.005930858978726399,0.005067497212081102,0.006551253915518177
design_ii,seqot,Seq-OT,False,0.9,20,14,0.11341385201728117,0.04398816935646823,0.11022369500002736,0.05836578800167976,0.17713972164056727,0.4861536955631348,0.042477949932806354,0.4802134820766315,0.4364702261245373,0.5548870466038407,0.006219169758001367,0.0007836496069823403,0.006228627850164767,0.005186858392176852,0.007589111458284727
design_ii,seqot,Seq-OT (wrong order),True,0.1,20,14,0.07644628780625987,0.032968523054586675,0.0757265901090228,0.03564158763261705,0.12579331426856608,0.3005179986428909,0.04683018249854092,0.2920232650883089,0.24613023264209088,0.36726315298940976,0.004232829409894564,0.00045864596877452635,0.004067934272188601,0.0036773277112638787,0.004846193831718728
design_ii,seqot,Seq-OT (wrong order),True,0.3,20,14,0.0732848466865481,0.03514786132656333,0.06106223668001302,0.03396581980430669,0.13282083235457684,0.5143036856028054,0.06913794958567132,0.5122549072612372,0.4082207222412551,0.602364140168633,0.00376745608809168,0.000374347044559388,0.0036170268808572046,0.0032742013907419497,0.004289789224539441
design_ii,seqot,Seq-OT (wrong order),True,0.5,20,14,0.0699488537442264,0.03383338527569516,0.0529371447708662,0.036294233970742405,0.12724169446490194,0.6728369300236225,0.0764692081692514,0.6569445664277245,0.5649525818877902,0.7770598710993827,0.0035984891440217956,0.00046201230101441953,0.0034926456131323122,0.003088719261956966,0.004428942764594559
design_ii,seqot,Seq-OT (wrong order),True,0.7,20,14,0.07906985627510237,0.03632503975862105,0.06440931154366833,0.03958977623102474,0.12988498647407729,0.7629899072247277,0.07293592686929308,0.7533744673274672,0.6410730760263953,0.8606093071196086,0.00350245993272564,0.0010173455243025753,0.0032136748143561274,0.002843745153750755,0.004886275220491507
design_ii,seqot,Seq-OT (wrong order),True,0.9,20,14,0.07871240117811937,0.03404337755391408,0.07149578548989724,0.03792543074216393,0.12788619164950948,0.7438762930807543,0.06349005364023438,0.7175164457962747,0.6753608894973857,0.8392902184148323,0.0032436893638391573,0.0003847810544284427,0.0032250481386589887,0.0027775114823339313,0.0038651887304575745
design_ii,cocycles,Cocycles,False,0.1,20,16,0.10217411781195551,0.05186307425142242,0.08694430068135262,0.030226335395127535,0.17505736649036407,0.24700817093253136,0.06061867572123949,0.2484448254108429,0.16477427631616592,0.3338291347026825,0.0,0.0,0.0,0.0,0.0
design_ii,cocycles,Cocycles,False,0.3,20,16,0.10064563527703285,0.038384673473212,0.10414614155888557,0.04918153956532478,0.15382882952690125,0.2747729392722249,0.04293613421803493,0.27447064220905304,0.2145957425236702,0.3315373510122299,0.0,0.0,0.0,0.0,0.0
design_ii,cocycles,Cocycles,False,0.5,20,16,0.09411566489143297,0.0485062310021666,0.09368345513939857,0.027824046788737178,0.1746336705982685,0.292432670481503,0.05346217915575243,0.29948200285434723,0.21736673265695572,0.38283517211675644,0.0,0.0,0.0,0.0,0.0
design_ii,cocycles,Cocycles,False,0.7,20,16,0.0833117002621293,0.049484860337648484,0.06790044531226158,0.035848669707775116,0.1533743292093277,0.26841168757528067,0.0448912949040667,0.25685203075408936,0.21013928949832916,0.33028754591941833,0.0,0.0,0.0,0.0,0.0
design_ii,cocycles,Cocycles,False,0.9,20,16,0.10336916672531515,0.044248721694725913,0.1061810702085495,0.03756027715280652,0.16488218680024147,0.3009976092725992,0.04437851954546806,0.30999186635017395,0.23304779082536697,0.35488753020763397,0.0,0.0,0.0,0.0,0.0
design_ii,cocycles,Cocycles (wrong order),True,0.1,20,16,0.08813268039375544,0.030888251611590662,0.08368292078375816,0.051774938590824604,0.1299511417746544,0.24985643103718758,0.04522079519166478,0.2412353679537773,0.19570917636156082,0.3152991086244583,0.0,0.0,0.0,0.0,0.0
design_ii,cocycles,Cocycles (wrong order),True,0.3,20,16,0.08527925400994718,0.03775466465656444,0.08442282304167747,0.03497959487140179,0.14331863820552826,0.5457206647843122,0.05350209283506275,0.533035546541214,0.4799756705760956,0.6216334104537964,0.0,0.0,0.0,0.0,0.0
design_ii,cocycles,Cocycles (wrong order),True,0.5,20,16,0.11470212461426854,0.0683182796128002,0.11569936200976372,0.028863772749900818,0.21144456416368484,0.9086755365133286,0.11157734673645547,0.9029934108257294,0.7685435712337494,1.0915955305099487,0.0,0.0,0.0,0.0,0.0
design_ii,cocycles,Cocycles (wrong order),True,0.7,20,16,0.1260876867454499,0.07523360848686543,0.09117628633975983,0.04192561935633421,0.2594032436609268,1.2751130014657974,0.09278498286670464,1.2814602255821228,1.1560211181640625,1.4018735885620117,0.0,0.0,0.0,0.0,0.0
design_ii,cocycles,Cocycles (wrong order),True,0.9,20,16,0.14813828864134848,0.0733599752932262,0.1438141092658043,0.04775701370090246,0.2718064412474632,1.6578811407089233,0.07552005209181789,1.6567456126213074,1.5408621430397034,1.7632044553756714,0.0,0.0,0.0,0.0,0.0
design_ii,ot,OT,False,0.1,20,14,0.09523379002012014,0.03217500979210643,0.09127674842316835,0.06066232804896173,0.14597453291306345,0.3684517423250332,0.022885220734448198,0.36346281387457996,0.344722075319917,0.4097866639510962,0.22122792589229892,0.015178563997403206,0.22119807765481853,0.1990459789540164,0.24090330577476882
design_ii,ot,OT,False,0.3,20,14,0.08331645961238089,0.038694771091683615,0.07659001098044078,0.03937191049649368,0.1479532445497612,0.42464948856273316,0.02650509515416765,0.4153373733471852,0.3931604846937048,0.46401319896188564,0.22592196045843335,0.014185839627877688,0.2277468083479554,0.20096657024478495,0.24250187628199077
design_ii,ot,OT,False,0.5,20,14,0.08777764360760497,0.04380465532763976,0.07185277597794629,0.03747467042641984,0.1510249611027432,0.5310827447854849,0.032012350273095236,0.5274504522750278,0.48109265798762035,0.5708948566114423,0.2569421954156254,0.017130199718207846,0.2628302611011594,0.22899993263753304,0.27485533557336184
design_ii,ot,OT,False,0.7,20,14,0.1022204569344884,0.04197112821726996,0.10665049379130037,0.0516776351902005,0.15881719683530682,0.6832137115722192,0.03814499986583822,0.6922301744253168,0.6249575638974835,0.7287233501017816,0.3146767008104282,0.03515481561114696,0.31175800317252556,0.2692326354336943,0.3730246009258216
design_ii,ot,OT,False,0.9,20,14,0.11221815861903085,0.04313113971115267,0.11430081322535446,0.06130091336252712,0.17251028010463004,0.8961449782374241,0.03629975334064052,0.8981716157776066,0.8433115107603087,0.9412100084771301,0.42757481673201786,0.031028481042927464,0.4283833772484239,0.37683729308516956,0.4664422519671856
